SourceID,TargetID,PhosphorylationSiteID,TargetNodeColor
MAPKAPK2,HSPB1,ph78,2.404154054
MAPKAPK2,HSPB1,ph15,2.355456657
CDK1,LMNB1,ph23,-2.917731913
MAPK3,TOP2A,ph1213,-3.05926049
MAPK3,TOP2A,ph1525,1.433808363
PRKACA,PSMD11,ph14,3.603782763
CSNK2A1,SEPTIN2,ph218,3.374998863
PRKCI,ECT2,ph359,-1.687068721
CDK1,NUCKS1,ph181,-4.735212972
CSNK2A1,HDAC2,ph394,3.847255529
CDK1,LMNA,ph22,-4.40558386
CDK1,LMNA,ph19,-4.40558386
CDK2,LMNB2,ph37,-3.824246182
CDK1,FLNA,ph1084,-2.213079025
PRKCD,STAT1,ph727,2.702182261
MTOR,OXSR1,ph339,4.739041755
CSNK2A1,CTNNA1,ph641,4.209758777
ATR,NPM1,ph125,2.719583486
ATR,NPM1,ph199,-2.699524087
ATR,NPM1,ph70,0.478547773
CDK2,HNRNPH1,ph104,1.683155597
CDK1,SRRM2,ph1413,-1.355816694
CDK1,SRRM2,ph1497,-2.373350151
CDK4,WDR77,ph5,1.077133114
PRKCI,EZH2,ph487,1.367671087
MAPK1,PKM,ph37,1.778028806
CHEK1,ERRFI1,ph251,-1.911366658
CDK1,NME2,ph94,1.324025045
CDK1,NME1,ph94,1.324025045
AKT1,PEA15,ph116,2.389429115
MAPK3,RRAS2,ph186,2.176774324
AKT2,FLNC,ph2233,-1.058385947
RPS6KB2,HNRNPA1,ph6,1.341280182
CDK2,XRCC6,ph455,1.295066159
PRKDC,VIM,ph459,-2.351376604
PRKDC,VIM,ph430,1.627745371
PRKDC,VIM,ph56,-3.489844103
PRKDC,VIM,ph39,-1.375313434
PRKDC,VIM,ph7,0.038335206
PRKDC,VIM,ph10,0
PRKDC,VIM,ph72,0
MAPKAPK2,NELFE,ph51,2.177911519
MAPKAPK2,NELFE,ph115,1.550680994
CSNK2A1,TNFAIP1,ph280,1.287578163
CSNK2A1,CCNH,ph315,1.560326763
MTOR,DNMT1,ph714,2.195519028
WEE1,CDK2,ph15,-1.237291132
WEE1,CDK2,ph14,-1.237291132
CDK2,MCM4,ph110,-1.250996065
CDK2,MCM4,ph32,-0.816091365
CSNK2A1,PDCD5,ph119,1.872603727
RPS6KB1,NCBP1,ph22,0.854271176
CSNK2A1,HSP90AB1,ph255,1.940491092
CDK2,JPT2,ph97,-3.104049825
PRKACA,SUN2,ph54,-1.050814074
MAPK3,STMN1,ph38,-1.181671976
MAPK3,STMN1,ph16,0
MAPK3,STMN1,ph25,0
PRKAA1,GFPT1,ph243,1.137973601
AKT2,SH3RF1,ph304,-1.64170402
PRKACA,EMD,ph49,-0.622624073
GSK3B,JUNB,ph255,-1.158504396
PRKCD,GSK3B,ph9,-2.136663484
CDK2,HNRNPH2,ph104,1.302940571
CDK1,YAP1,ph289,-2.822102121
CDK1,YAP1,ph109,-1.305037331
CHEK1,SRRM2,ph1413,-1.355816694
CHEK1,SRRM2,ph1497,-2.373350151
MELK,EIF4B,ph422,-1.295790203
MELK,EIF4B,ph406,-1.632297964
SRC,ANXA2,ph24,1.300428341
SRC,ANXA2,ph12,1.547498119
CLK1,PTPN1,ph50,-0.722806203
PLK1,SUZ12,ph546,1.6213484
DYRK3,AKT1S1,ph246,-1.620718082
PRKACA,NEDD4L,ph448,-1.292682314
CDK5,DPYSL2,ph522,-1.026342475
CDK5,DPYSL2,ph514,-1.026342475
GSK3B,DPYSL2,ph522,-1.026342475
GSK3B,DPYSL2,ph514,-1.026342475
CDK1,NPM1,ph125,2.719583486
CDK1,NPM1,ph199,-2.699524087
CDK1,NPM1,ph70,0.478547773
CDK1,RANBP2,ph2153,-1.551901027
LATS1,YAP1,ph289,-2.822102121
LATS1,YAP1,ph109,-1.305037331
EEF2K,EEF2,ph57,1.907147092
CDK4,RBL2,ph401,-0.576472331
CSNK2A1,MYH9,ph1943,1.46493957
AKT1,VCP,ph352,0.65081302
PRKDC,PRKDC,ph2612,-1.091217885
CSNK2A1,TOP2A,ph1213,-3.05926049
CSNK2A1,TOP2A,ph1525,1.433808363
PRKACA,ABCB1,ph683,1.241474289
GSK3B,NFKB2,ph222,1.991359435
CSNK2A1,ANP32B,ph244,1.564209914
CDK1,RCC1,ph11,1.312392144
CDK2,SNAPIN,ph133,-1.691779349
CHEK1,ADD3,ph693,-2.12112952
CSNK2A1,ARNT,ph77,0.549834623
CDK1,VIM,ph459,-2.351376604
CDK1,VIM,ph430,1.627745371
CDK1,VIM,ph56,-3.489844103
CDK1,VIM,ph39,-1.375313434
CDK1,VIM,ph7,0.038335206
CDK1,VIM,ph10,0
CDK1,VIM,ph72,0
CDK2,RB1,ph821,-1.036692106
CDK2,RB1,ph373,0.338179011
MAPKAPK2,BAG2,ph20,0.653148964
CDK2,ANKLE2,ph528,-1.355291092
AKT2,EDC3,ph161,0.971441552
CDK1,TFPT,ph180,1.069912739
CDK2,ATRIP,ph224,-1.173850926
UHMK1,SF1,ph80,1.066133094
UHMK1,SF1,ph82,1.066133094
CHEK1,LIG1,ph76,1.048338868
CHEK1,LIG1,ph66,1.048338868
CSNK2A1,LIG1,ph76,1.048338868
CSNK2A1,LIG1,ph66,1.048338868
CDK1,H1-4,ph18,-1.525687767
CDK2,TERF2IP,ph203,-0.851741867
PRKACA,CAD,ph1859,-1.016048019
PAK1,HACE1,ph385,1.221029094
PRKCA,ANXA2,ph24,1.300428341
PRKCA,ANXA2,ph12,1.547498119
PRKCD,STAT3,ph727,-0.824798973
MAPKAPK2,LSP1,ph252,-1.114388527
CDK1,RECQL4,ph251,-0.563634442
CAMK2A,CTNNB1,ph552,0.623069618
MARK2,KIF13B,ph1381,-0.518407563
CDK1,RB1,ph821,-1.036692106
CDK1,RB1,ph373,0.338179011
PRKAA1,TBC1D1,ph237,-0.517340363
PRKCD,GSK3A,ph21,-0.532956977
MAPK3,ABI1,ph183,-1.152740241
MAPK14,PXN,ph85,-0.777004284
RPS6KB1,MTOR,ph2448,0.282633183
CSNK2A1,NCOA2,ph493,-0.468487447
PRKACA,VIM,ph459,-2.351376604
PRKACA,VIM,ph430,1.627745371
PRKACA,VIM,ph56,-3.489844103
PRKACA,VIM,ph39,-1.375313434
PRKACA,VIM,ph7,0.038335206
PRKACA,VIM,ph10,0
PRKACA,VIM,ph72,0
PRKAA1,ACACA,ph80,-0.250835337
CDK1,SQSTM1,ph272,-0.239450774
CDK1,SQSTM1,ph269,-0.239450774
AKT2,CBY1,ph20,-0.169786493
MASTL,ENSA,ph67,-0.206457091
AKT1,PFKFB2,ph483,0.123596298
MAPKAPK2,ZFP36L1,ph92,0.091075197
MAPK3,LIMA1,ph374,-0.086417135
PRKCA,VIM,ph459,-2.351376604
PRKCA,VIM,ph430,1.627745371
PRKCA,VIM,ph56,-3.489844103
PRKCA,VIM,ph39,-1.375313434
PRKCA,VIM,ph7,0.038335206
PRKCA,VIM,ph10,0
PRKCA,VIM,ph72,0
NEK6,NUP98,ph822,0
AURKA,MAPRE3,ph176,0
CDK1,ANAPC1,ph355,0
TBK1,RPS6KB1,ph447,0
CDK2,RRN3,ph44,0
MAPK3,CDKN1A,ph130,0
CSNK2A1,MYH10,ph1952,0.63665412
CAMK2A,STMN1,ph38,-1.181671976
CAMK2A,STMN1,ph16,0
CAMK2A,STMN1,ph25,0
AURKA,TP53,ph315,0